id|votes
tt0012349|82600
tt0013442|75473
tt0015864|78654
tt0017136|128367
tt0017925|61910
tt0021749|128303
tt0022100|113605
tt0024216|70015
tt0025316|74769
tt0027977|168454
tt0029583|151280
tt0031381|242248
tt0031679|87259
tt0032138|325597
tt0032455|77756
tt0032551|71759
tt0032553|160948
tt0032910|104986
tt0032976|99430
tt0033467|333936
tt0033563|97793
tt0033870|127622
tt0034492|107576
tt0034583|436435
tt0036775|112605
tt0038355|69757
tt0038650|320932
tt0038787|80281
tt0040522|110943
tt0040746|106886
tt0040897|90357
tt0041959|129287
tt0042192|95433
tt0042332|120519
tt0042876|118515
tt0043014|160188
tt0043265|63062
tt0043274|107424
tt0043456|69017
tt0044079|107686
tt0044081|85866
tt0044706|85922
tt0045152|176018
tt0046183|101668
tt0046250|111384
tt0046912|124535
tt0047296|115107
tt0047396|361006
tt0047478|258038
tt0048280|98570
tt0048424|70784
tt0048545|70894
tt0049406|68467
tt0049730|68617
tt0050083|529201
tt0050212|169120
tt0050825|139232
tt0050976|127831
tt0050986|72795
tt0051201|77542
tt0052311|81883
tt0052357|288086
tt0052618|183569
tt0053125|247164
tt0053198|81214
tt0053285|113065
tt0053291|199151
tt0053472|59231
tt0053604|126720
tt0054047|75892
tt0054215|484357
tt0054331|106849
tt0054698|139926
tt0054997|67432
tt0055254|126666
tt0055614|80683
tt0055630|84949
tt0055928|126689
tt0056172|219154
tt0056193|76295
tt0056217|58829
tt0056218|65031
tt0056592|247349
tt0056801|89471
tt0056869|144307
tt0057012|384190
tt0057076|98777
tt0057115|187032
tt0057546|73695
tt0058150|150494
tt0058331|122630
tt0058385|74422
tt0058461|165254
tt0059113|60733
tt0059578|183000
tt0059742|166907
tt0059800|89653
tt0060028|60376
tt0060196|567626
tt0060827|74063
tt0061184|60905
tt0061418|88170
tt0061512|134276
tt0061722|226754
tt0061852|139157
tt0062512|82675
tt0062622|489672
tt0063350|97846
tt0063442|149149
tt0063522|156791
tt0064115|171124
tt0064116|246792
tt0064276|82603
tt0064665|84270
tt0064757|66705
tt0065214|68149
tt0065421|75000
tt0066026|60203
tt0066206|83458
tt0066921|632812
tt0066995|81325
tt0066999|124422
tt0067116|92327
tt0067185|61837
tt0067992|147067
tt0068473|85094
tt0068646|1311353
tt0069293|62892
tt0069704|69917
tt0070034|83783
tt0070047|310662
tt0070328|82349
tt0070379|77260
tt0070511|104709
tt0070608|95187
tt0070666|89841
tt0070735|199127
tt0071230|107716
tt0071315|243992
tt0071360|82076
tt0071562|905401
tt0071807|81225
tt0071853|424768
tt0072271|110818
tt0072431|126213
tt0072500|69100
tt0072684|116921
tt0072890|204442
tt0073195|468637
tt0073486|764604
tt0073629|115025
tt0074119|84189
tt0074285|140312
tt0074486|81987
tt0074958|118149
tt0075005|90679
tt0075148|431629
tt0075314|580283
tt0075686|220561
tt0075860|156301
tt0076666|59977
tt0076752|84016
tt0076759|1036476
tt0077402|98007
tt0077416|261567
tt0077631|190506
tt0077651|178625
tt0077928|60754
tt0077975|98348
tt0078346|138981
tt0078748|653570
tt0078788|504432
tt0079116|96582
tt0079417|109310
tt0079470|304303
tt0079501|166948
tt0079522|115549
tt0079817|156896
tt0079944|83016
tt0080120|79411
tt0080339|178360
tt0080455|156929
tt0080487|90165
tt0080678|183419
tt0080684|964234
tt0080761|95642
tt0081398|263685
tt0081505|703410
tt0081573|84789
tt0082010|75483
tt0082096|190223
tt0082198|121941
tt0082340|103236
tt0082398|78846
tt0082406|71012
tt0082694|146729
tt0082971|743933
tt0083658|568612
tt0083866|313938
tt0083907|158156
tt0083929|79288
tt0083944|189452
tt0083987|192243
tt0084503|65924
tt0084516|119384
tt0084602|141507
tt0084726|99500
tt0084787|298965
tt0084805|84520
tt0084827|101102
tt0085334|115571
tt0085794|61364
tt0085959|96624
tt0085995|79985
tt0086034|81462
tt0086066|63202
tt0086190|792193
tt0086200|68129
tt0086250|608790
tt0086465|115084
tt0086541|68766
tt0086567|78241
tt0086879|308103
tt0086960|139440
tt0086979|74296
tt0087182|105366
tt0087277|58820
tt0087332|302721
tt0087363|163221
tt0087469|372268
tt0087538|145337
tt0087544|113331
tt0087800|169996
tt0087843|251377
tt0087884|61421
tt0087928|97396
tt0088011|70650
tt0088128|84848
tt0088170|64626
tt0088247|674710
tt0088258|114087
tt0088323|111044
tt0088763|844274
tt0088846|166104
tt0088847|292266
tt0088930|64223
tt0088939|67035
tt0088944|124710
tt0089218|199709
tt0089755|59266
tt0089881|88273
tt0089927|153071
tt0090305|66999
tt0090329|73119
tt0090555|81174
tt0090605|555259
tt0090728|104544
tt0090756|150710
tt0090863|63763
tt0091042|270867
tt0091064|133671
tt0091203|106804
tt0091369|105288
tt0091605|89030
tt0091763|325609
tt0091790|62207
tt0092005|308018
tt0092007|68034
tt0092067|113753
tt0092099|242578
tt0092400|84715
tt0092455|77412
tt0092563|68860
tt0092644|92790
tt0092675|64984
tt0092890|160245
tt0092965|99175
tt0092991|126514
tt0093010|62027
tt0093058|554695
tt0093105|109432
tt0093177|85718
tt0093389|78570
tt0093409|208711
tt0093428|75875
tt0093437|102977
tt0093748|102165
tt0093773|319930
tt0093779|329905
tt0093822|109692
tt0093870|200963
tt0093894|122894
tt0094012|149816
tt0094226|239201
tt0094291|128452
tt0094625|122839
tt0094721|213190
tt0094737|167480
tt0094862|70211
tt0094898|134308
tt0095016|665804
tt0095159|116078
tt0095327|168376
tt0095489|68271
tt0095631|59967
tt0095647|72326
tt0095705|127598
tt0095765|178307
tt0095953|417065
tt0096061|71618
tt0096256|86478
tt0096283|208794
tt0096438|156940
tt0096446|87744
tt0096657|77641
tt0096697|306932
tt0096754|143456
tt0096874|388578
tt0096895|295198
tt0096928|92547
tt0096969|84525
tt0097165|320149
tt0097216|67435
tt0097239|82006
tt0097351|94021
tt0097428|156373
tt0097441|108837
tt0097493|69732
tt0097576|582662
tt0097733|140767
tt0097742|80817
tt0097757|193946
tt0097814|88830
tt0097958|122508
tt0098084|72706
tt0098258|72227
tt0098554|70182
tt0098635|165690
tt0098800|100336
tt0098904|201316
tt0098936|139048
tt0099077|104123
tt0099088|326645
tt0099348|206115
tt0099423|294870
tt0099487|392492
tt0099582|70455
tt0099653|168038
tt0099674|304455
tt0099685|826381
tt0099785|367612
tt0099810|155239
tt0099864|94236
tt0099871|83900
tt0100150|112253
tt0100157|151794
tt0100263|59689
tt0100405|239900
tt0100758|74578
tt0100802|262742
tt0100814|100498
tt0100935|69129
tt0101272|107372
tt0101393|62780
tt0101410|98042
tt0101414|357398
tt0101507|104765
tt0101540|141747
tt0101700|71672
tt0101761|73694
tt0101862|59709
tt0101889|69296
tt0102057|200811
tt0102059|86864
tt0102138|124210
tt0102266|81881
tt0102492|61798
tt0102510|91024
tt0102685|127271
tt0102798|157218
tt0102926|1023011
tt0102975|60985
tt0103064|835821
tt0103074|112869
tt0103359|65117
tt0103639|294862
tt0103772|147114
tt0103776|237563
tt0103873|83143
tt0103874|160260
tt0104070|87864
tt0104257|200495
tt0104348|84065
tt0104431|237614
tt0104691|126464
tt0104694|78685
tt0104714|138846
tt0104797|70571
tt0104952|90530
tt0105112|88206
tt0105236|757002
tt0105323|215600
tt0105665|69896
tt0105690|66740
tt0105695|312840
tt0105793|124729
tt0105812|64361
tt0106004|61575
tt0106179|170942
tt0106220|64394
tt0106308|142475
tt0106489|108756
tt0106519|176363
tt0106611|78035
tt0106677|137249
tt0106697|136538
tt0106856|146647
tt0106918|97771
tt0106977|231667
tt0107048|499899
tt0107120|71056
tt0107144|73845
tt0107206|80191
tt0107207|127508
tt0107290|707659
tt0107614|204008
tt0107688|250599
tt0107798|65339
tt0107808|63228
tt0107818|195259
tt0107822|69308
tt0107977|100380
tt0108037|64956
tt0108052|987600
tt0108160|135556
tt0108358|106017
tt0108394|70787
tt0108399|178119
tt0108550|186823
tt0108778|578859
tt0109040|239012
tt0109444|75954
tt0109445|193262
tt0109506|147490
tt0109686|312752
tt0109707|151565
tt0109830|1450796
tt0109831|118182
tt0110074|69556
tt0110148|259725
tt0110322|124433
tt0110357|748923
tt0110413|835141
tt0110475|293446
tt0110478|90072
tt0110622|84124
tt0110632|189454
tt0110912|1499007
tt0111161|1918705
tt0111257|284900
tt0111280|66169
tt0111282|158685
tt0111495|71369
tt0111503|207513
tt0112130|61424
tt0112384|230051
tt0112431|102556
tt0112442|191435
tt0112461|88450
tt0112471|214618
tt0112573|829743
tt0112579|60533
tt0112641|378461
tt0112682|59293
tt0112697|141501
tt0112740|88223
tt0112817|79088
tt0112818|78661
tt0112851|150893
tt0112864|323508
tt0113101|85541
tt0113118|84054
tt0113161|67424
tt0113189|213002
tt0113247|119335
tt0113277|483034
tt0113497|246340
tt0113540|64234
tt0113568|105802
tt0113627|100965
tt0113749|104856
tt0114069|96832
tt0114148|138113
tt0114369|1169545
tt0114388|86241
tt0114558|59082
tt0114694|67378
tt0114709|716977
tt0114746|512115
tt0114814|836739
tt0114924|79056
tt0115685|67856
tt0115734|59819
tt0116209|156298
tt0116282|516263
tt0116365|72945
tt0116367|242693
tt0116483|169991
tt0116583|116886
tt0116629|469603
tt0116695|208641
tt0116778|68265
tt0116908|64697
tt0116922|110274
tt0117008|101583
tt0117060|330065
tt0117318|77374
tt0117381|148879
tt0117438|106279
tt0117500|278787
tt0117509|184222
tt0117571|244419
tt0117665|166530
tt0117666|77953
tt0117731|104949
tt0117802|68171
tt0117913|111656
tt0117951|546409
tt0118276|111313
tt0118421|75594
tt0118480|72101
tt0118571|158834
tt0118607|62077
tt0118617|96991
tt0118655|196501
tt0118694|91202
tt0118715|609646
tt0118749|206892
tt0118799|494710
tt0118842|121104
tt0118880|243644
tt0118883|83009
tt0118884|222674
tt0118887|75357
tt0118929|169833
tt0118971|285098
tt0119008|243875
tt0119051|60508
tt0119081|133632
tt0119094|307562
tt0119099|64350
tt0119116|378907
tt0119164|88426
tt0119174|292813
tt0119177|244014
tt0119217|699067
tt0119229|78659
tt0119282|164991
tt0119396|263856
tt0119488|459205
tt0119528|243501
tt0119567|312701
tt0119643|184432
tt0119654|446863
tt0119698|262352
tt0119822|242288
tt0120102|106029
tt0120188|147203
tt0120201|239228
tt0120338|883400
tt0120347|160469
tt0120363|430887
tt0120382|764910
tt0120586|881104
tt0120587|133193
tt0120591|351181
tt0120601|275063
tt0120611|211485
tt0120616|346662
tt0120623|231862
tt0120630|153999
tt0120631|62040
tt0120632|101959
tt0120655|191774
tt0120657|106829
tt0120660|203438
tt0120663|253115
tt0120669|230375
tt0120679|69220
tt0120681|133850
tt0120689|910934
tt0120735|461128
tt0120737|1389456
tt0120744|137837
tt0120746|147794
tt0120762|200129
tt0120768|115937
tt0120780|76230
tt0120783|99251
tt0120784|119703
tt0120787|69352
tt0120789|109955
tt0120794|100823
tt0120804|220170
tt0120812|205980
tt0120815|1010027
tt0120855|165398
tt0120863|151995
tt0120873|84173
tt0120885|71773
tt0120888|118439
tt0120889|90427
tt0120890|96830
tt0120902|91912
tt0120903|503064
tt0120907|83550
tt0120915|608630
tt0120917|146076
tt0121164|210510
tt0121765|532463
tt0121766|593669
tt0121955|277743
tt0122151|137316
tt0122690|155124
tt0122933|132365
tt0123755|179134
tt0124315|84422
tt0125439|226449
tt0125664|110196
tt0126029|518902
tt0126886|79237
tt0127536|81472
tt0128442|129788
tt0128445|147998
tt0128853|167381
tt0129167|143807
tt0129290|88657
tt0129387|263675
tt0130827|171956
tt0132477|70823
tt0133093|1378362
tt0133240|82553
tt0133751|98657
tt0134119|152059
tt0134273|111006
tt0134847|206152
tt0137363|74102
tt0137523|1536494
tt0138097|190988
tt0138704|154377
tt0138749|68188
tt0139134|159971
tt0139239|62117
tt0139654|335814
tt0140352|143347
tt0141842|223831
tt0141926|69642
tt0142688|147287
tt0144084|400617
tt0144117|209357
tt0145487|599026
tt0145660|194148
tt0145681|132577
tt0146838|103121
tt0146882|152576
tt0147612|59582
tt0147800|250258
tt0149460|178448
tt0151804|216206
tt0152930|67061
tt0154420|70425
tt0154506|73873
tt0155267|77984
tt0158552|63526
tt0158983|174359
tt0159097|127540
tt0159206|89096
tt0159365|126442
tt0161081|105153
tt0162222|441391
tt0162346|103071
tt0162661|290776
tt0163651|337502
tt0163978|195833
tt0164181|66625
tt0165581|65992
tt0165598|130575
tt0165798|76078
tt0166896|70293
tt0166924|270705
tt0167190|267450
tt0167260|1369719
tt0167261|1239903
tt0167404|785770
tt0168629|87257
tt0169102|84910
tt0169547|923743
tt0171804|83332
tt0172156|194134
tt0172493|138566
tt0172495|1111781
tt0174856|82405
tt0175880|258248
tt0177789|132108
tt0180093|648956
tt0181536|76510
tt0181689|440686
tt0181865|179790
tt0181875|224050
tt0182576|264843
tt0182789|96906
tt0183505|200125
tt0183649|226031
tt0183790|149068
tt0184894|105504
tt0185125|76315
tt0185906|281823
tt0186151|89526
tt0187078|234689
tt0187393|225777
tt0187738|175183
tt0190138|97511
tt0190332|231128
tt0190590|247228
tt0193676|109389
tt0195685|148713
tt0195714|198607
tt0196229|219334
tt0198781|672479
tt0200465|160788
tt0203009|241314
tt0203019|96465
tt0203259|60285
tt0206512|66712
tt0206634|400107
tt0208092|670858
tt0209144|955749
tt0210945|175166
tt0211915|603621
tt0211933|67228
tt0212338|280201
tt0212671|104372
tt0212720|261181
tt0212985|225334
tt0213338|64954
tt0213847|73704
tt0214341|92266
tt0215129|142530
tt0215750|210649
tt0217505|348821
tt0217869|288713
tt0218967|92550
tt0219965|60191
tt0221027|214426
tt0223897|103103
tt0227445|108566
tt0230011|83977
tt0230600|296894
tt0230838|76237
tt0232500|301731
tt0234215|454371
tt0235198|61092
tt0238380|282516
tt0238784|79741
tt0240772|444408
tt0240890|93728
tt0241303|161292
tt0241527|516526
tt0242653|394057
tt0243133|92281
tt0243155|193430
tt0244244|163618
tt0245429|495422
tt0245574|99521
tt0245712|192456
tt0245844|113630
tt0246578|652443
tt0247082|70560
tt0247745|82466
tt0248654|102813
tt0248667|84557
tt0249462|106491
tt0250258|84197
tt0250797|69286
tt0251160|108588
tt0253474|578085
tt0257044|217650
tt0257360|113517
tt0258000|224792
tt0258463|450532
tt0259446|109383
tt0259711|222413
tt0261392|135860
tt0264235|78002
tt0264464|638310
tt0264472|61266
tt0264616|66949
tt0265086|320578
tt0265208|182790
tt0265349|68152
tt0265459|103749
tt0265666|230592
tt0266308|150751
tt0266543|794779
tt0266697|831166
tt0266915|174650
tt0266987|129262
tt0268126|156965
tt0268380|367362
tt0268978|704701
tt0270288|75866
tt0272020|61309
tt0272152|161137
tt0272338|122492
tt0274558|110762
tt0274812|73433
tt0275847|135562
tt0276751|153280
tt0276919|118246
tt0277027|130692
tt0277434|114244
tt0278504|240421
tt0279600|103973
tt0280707|69795
tt0281358|178408
tt0285331|157267
tt0285403|211982
tt0285742|75731
tt0286106|297186
tt0286112|63493
tt0286486|61817
tt0286499|95732
tt0287467|93082
tt0289043|326975
tt0289765|219726
tt0289879|396276
tt0289992|96685
tt0290334|450638
tt0290673|97603
tt0290978|78785
tt0292506|120345
tt0292963|86890
tt0293508|104248
tt0293662|257333
tt0295297|447025
tt0296572|196378
tt0298130|281517
tt0298148|351125
tt0298203|211398
tt0299658|189459
tt0299977|159590
tt0301357|123512
tt0302886|196265
tt0303461|210750
tt0304141|442090
tt0304415|67287
tt0306414|221935
tt0307901|157949
tt0307987|121801
tt0308644|184646
tt0309698|196615
tt0309987|92565
tt0310793|130217
tt0311113|181413
tt0311289|65031
tt0312004|108114
tt0313542|81968
tt0314331|358432
tt0314353|100834
tt0315327|326356
tt0315733|203668
tt0315983|59683
tt0316654|462567
tt0317219|299437
tt0317248|595827
tt0317648|71406
tt0317705|535614
tt0317740|307727
tt0317919|281020
tt0318462|88563
tt0319061|374982
tt0319343|172040
tt0320661|237536
tt0320691|229023
tt0322802|73036
tt0325710|347757
tt0325805|113628
tt0325980|904058
tt0327056|368564
tt0327084|138987
tt0327597|166440
tt0327850|88634
tt0328107|290366
tt0328538|73196
tt0328832|65346
tt0328880|79678
tt0329575|60734
tt0330373|443480
tt0330793|135596
tt0332280|441409
tt0332379|228923
tt0332452|423753
tt0333766|196026
tt0335119|65157
tt0335266|352815
tt0335345|191601
tt0337741|98381
tt0337921|83948
tt0337978|357102
tt0338013|757638
tt0338095|59632
tt0338348|141533
tt0338564|103157
tt0338751|290248
tt0339291|175610
tt0340163|98680
tt0340377|61827
tt0340855|116905
tt0342258|90719
tt0343660|288894
tt0343737|91249
tt0343818|434206
tt0344510|66166
tt0345950|65775
tt0347149|251984
tt0348333|80331
tt0348914|75259
tt0349903|312060
tt0350258|120678
tt0351283|302439
tt0352248|159471
tt0353969|84628
tt0354899|64268
tt0356150|174413
tt0356721|59080
tt0356910|388956
tt0357413|291720
tt0358273|202072
tt0359950|260615
tt0360486|259376
tt0360717|347011
tt0361596|118664
tt0361748|1021193
tt0361862|311594
tt0362227|339913
tt0362270|155119
tt0362359|71393
tt0363163|280493
tt0363547|209890
tt0363589|76443
tt0363771|317879
tt0363988|160814
tt0364517|60662
tt0364569|414796
tt0364725|202178
tt0364845|97779
tt0365686|80435
tt0365737|116341
tt0365748|438380
tt0365830|92242
tt0365907|97992
tt0366548|147771
tt0366551|165599
tt0366627|99640
tt0367089|66544
tt0367110|68093
tt0367279|235910
tt0367594|360681
tt0368008|92829
tt0368447|213121
tt0368530|63385
tt0368891|272983
tt0368909|64730
tt0369179|215049
tt0369339|317725
tt0369610|483519
tt0369702|69698
tt0370986|60555
tt0371257|66777
tt0371724|168470
tt0371746|776131
tt0372183|386518
tt0372588|144880
tt0372784|1104576
tt0373074|109016
tt0373469|192395
tt0373889|410275
tt0374463|79339
tt0374546|67956
tt0374900|174181
tt0375063|161663
tt0375679|385148
tt0375912|144730
tt0376541|181018
tt0376994|423880
tt0377092|277929
tt0378194|569284
tt0379725|110640
tt0379786|258540
tt0380510|136418
tt0381061|512586
tt0381681|187503
tt0381849|256806
tt0382625|352220
tt0382932|530021
tt0383028|65623
tt0383574|578853
tt0384537|192776
tt0384680|72471
tt0384766|130084
tt0384793|112256
tt0385002|128213
tt0385004|98343
tt0385880|82122
tt0386032|69849
tt0386117|92986
tt0386588|264773
tt0386676|244139
tt0387131|119753
tt0387199|145868
tt0387564|332433
tt0387808|121333
tt0387898|60476
tt0388795|282590
tt0389557|65131
tt0389722|149319
tt0390384|83761
tt0390521|91901
tt0391304|61922
tt0393109|91129
tt0393162|103195
tt0395169|293127
tt0395584|82055
tt0396171|207347
tt0396269|300349
tt0396555|74898
tt0397101|95131
tt0397306|97388
tt0397442|129550
tt0397535|126626
tt0397892|162107
tt0398017|65934
tt0398286|334760
tt0398808|122862
tt0399146|201869
tt0399201|279183
tt0399295|266181
tt0401383|95326
tt0401445|77957
tt0401711|66023
tt0401729|228069
tt0401792|696232
tt0401855|172451
tt0402399|75747
tt0403702|68456
tt0404032|105441
tt0404203|97422
tt0404390|91746
tt0405094|294667
tt0405159|543855
tt0405296|96023
tt0405422|340905
tt0405508|87796
tt0406816|80032
tt0407304|365014
tt0407362|132933
tt0407887|988937
tt0408236|307056
tt0408306|189831
tt0409459|427089
tt0410297|123290
tt0410975|101430
tt0411008|426084
tt0411477|225814
tt0412019|88036
tt0412142|347198
tt0413573|188148
tt0414055|59118
tt0414387|214670
tt0414852|59973
tt0414993|207373
tt0415306|143446
tt0416236|76093
tt0416320|182507
tt0416449|659911
tt0417299|162818
tt0417741|375488
tt0418279|547613
tt0418689|107736
tt0418763|155045
tt0419887|72082
tt0420223|199682
tt0421073|99617
tt0421239|100664
tt0421715|507137
tt0423294|58931
tt0423977|59060
tt0424095|94816
tt0424136|141187
tt0424345|120664
tt0425061|179428
tt0425112|394907
tt0425123|88874
tt0425210|279669
tt0425413|61567
tt0426883|92338
tt0426931|94907
tt0427327|106512
tt0427944|200564
tt0429493|225751
tt0430105|119112
tt0430922|204513
tt0431197|107985
tt0431308|183277
tt0432283|159619
tt0432348|206908
tt0433035|272470
tt0433362|112111
tt0433383|87804
tt0434409|889467
tt0435625|172344
tt0435651|98836
tt0435761|621739
tt0436697|93357
tt0436992|169400
tt0438097|217251
tt0438488|306476
tt0439100|92841
tt0439815|66525
tt0440963|549568
tt0441773|348576
tt0441909|83579
tt0443272|216059
tt0443274|134387
tt0443453|317695
tt0443489|61338
tt0443543|322478
tt0443680|149324
tt0443706|356159
tt0445922|97881
tt0446029|310875
tt0446059|66498
tt0446755|82774
tt0448134|208253
tt0448694|125074
tt0449059|388731
tt0449088|524770
tt0449467|261878
tt0450188|73183
tt0450232|118017
tt0450259|438936
tt0450385|230497
tt0451079|115275
tt0451094|60145
tt0451279|379203
tt0452046|125085
tt0452623|218760
tt0452694|125500
tt0453467|262602
tt0453562|72980
tt0454848|296309
tt0454876|496329
tt0454921|379425
tt0455275|402642
tt0455407|99828
tt0455590|157888
tt0455824|109433
tt0455944|260661
tt0456554|71393
tt0457430|527939
tt0457513|73106
tt0457939|205036
tt0458339|582151
tt0458352|315313
tt0458481|129773
tt0458525|406658
tt0460091|88148
tt0460627|123515
tt0460649|503251
tt0460681|323908
tt0460740|77105
tt0460791|96861
tt0461770|156105
tt0462322|164297
tt0462499|192760
tt0462504|90901
tt0462538|277727
tt0462590|99500
tt0463854|230065
tt0464141|130735
tt0465234|196282
tt0465538|143403
tt0465551|68294
tt0465602|136186
tt0467200|91402
tt0467406|446831
tt0468489|76960
tt0468492|78643
tt0468569|1890573
tt0469494|425759
tt0470752|373821
tt0472033|119860
tt0472043|257071
tt0472062|95695
tt0472399|134160
tt0472954|155707
tt0473075|241828
tt0473705|120808
tt0475276|88967
tt0475394|127166
tt0475784|256312
tt0477080|163659
tt0477302|89122
tt0477348|700722
tt0478087|204859
tt0478134|63597
tt0478304|149016
tt0478311|318150
tt0478970|410747
tt0479143|177963
tt0479884|211848
tt0479952|166709
tt0480025|105405
tt0480242|90921
tt0480249|594713
tt0481499|166826
tt0481536|120565
tt0482571|974741
tt0485947|180238
tt0486655|228267
tt0486822|199149
tt0487831|106460
tt0488120|157225
tt0490204|87772
tt0490215|71895
tt0491738|73214
tt0493430|60201
tt0493464|323373
tt0496424|98829
tt0496806|280249
tt0497116|74263
tt0497465|217046
tt0498380|141009
tt0498399|76611
tt0499448|166702
tt0499549|976049
tt0756683|149351
tt0758752|157848
tt0758758|486242
tt0758766|87655
tt0758774|188932
tt0765010|97195
tt0765429|348592
tt0765443|204785
tt0770828|607245
tt0773262|559785
tt0780504|487000
tt0780521|100274
tt0780536|338776
tt0780571|131563
tt0783233|213298
tt0787475|65794
tt0790636|374078
tt0790724|263503
tt0795176|129732
tt0795368|96852
tt0796366|539509
tt0800039|233881
tt0800080|360131
tt0800369|607137
tt0803096|205858
tt0804461|63991
tt0804497|118543
tt0804503|164130
tt0805564|125199
tt0808151|238188
tt0808279|78092
tt0808417|77448
tt0810788|62350
tt0810819|126105
tt0813715|212237
tt0814314|255095
tt0816442|112228
tt0816692|1145622
tt0816711|519245
tt0817177|69364
tt0822832|128626
tt0822854|277654
tt0824747|213338
tt0825232|202722
tt0829482|458298
tt0830515|359625
tt0832266|138231
tt0834001|135064
tt0837562|185638
tt0838221|153328
tt0838283|231975
tt0840196|65132
tt0840361|305206
tt0841046|59484
tt0842926|116982
tt0844441|212742
tt0844471|171557
tt0844708|74595
tt0848228|1087355
tt0848537|91771
tt0861689|63231
tt0861739|88247
tt0862846|64243
tt0862856|69630
tt0864761|68053
tt0865556|93453
tt0870111|93663
tt0870984|98812
tt0871510|59975
tt0876563|97537
tt0877057|153089
tt0878804|248542
tt0882977|70997
tt0884328|245589
tt0884732|62225
tt0887883|270049
tt0887912|368320
tt0892318|81407
tt0892769|554587
tt0892782|126848
tt0898266|593829
tt0898367|195442
tt0903624|690631
tt0903747|1065942
tt0904208|156806
tt0907657|100686
tt0910936|278037
tt0910970|825687
tt0914798|154628
tt0914863|77421
tt0918927|107984
tt0926084|382247
tt0929632|95401
tt0934814|115375
tt0936501|517151
tt0942385|333565
tt0944947|1295367
tt0945513|425179
tt0947798|607297
tt0947810|117891
tt0948470|494187
tt0955308|228407
tt0959337|166052
tt0963178|83962
tt0964517|300477
tt0970179|269882
tt0971209|60587
tt0974015|200825
tt0975645|65272
tt0976051|206764
tt0978762|137091
tt0979432|150524
tt0981227|80114
tt0983193|191811
tt0985694|175612
tt0985699|201739
tt0986264|116959
tt0988045|521539
tt0993842|169714
tt0993846|929480
tt0995039|63743
tt1001526|192601
tt1007028|158851
tt1010048|704590
tt1013752|227907
tt1013753|148198
tt1014759|337917
tt1019452|113011
tt1020072|72032
tt1020530|65162
tt1022603|417301
tt1023111|86888
tt1023114|96480
tt1024648|503713
tt1028528|229664
tt1028532|196049
tt1029234|67865
tt1032755|210715
tt1033575|216385
tt1034303|125186
tt1037705|252201
tt1038988|144340
tt1041829|253431
tt1045658|587995
tt1045772|83913
tt1049413|767380
tt1054606|133488
tt1055292|106155
tt1057500|134650
tt1059786|160578
tt1060277|331364
tt1063669|89736
tt1065073|299929
tt1067106|84569
tt1067583|101751
tt1068680|294514
tt1074638|565197
tt1077258|180300
tt1078588|81407
tt1080016|187180
tt1083452|65153
tt1086772|98747
tt1091191|231036
tt1091722|140820
tt1092026|208731
tt1095217|68305
tt1100089|119650
tt1104001|282738
tt1109624|66570
tt1117385|70262
tt1119644|196014
tt1119646|634105
tt1120985|159102
tt1124035|201176
tt1124373|211895
tt1125849|268326
tt1126590|69642
tt1126618|63621
tt1127180|169206
tt1130884|913981
tt1131729|97305
tt1132620|188334
tt1135503|88570
tt1135985|76938
tt1136608|576604
tt1139328|142424
tt1139797|186623
tt1142977|83169
tt1142988|179641
tt1148204|162478
tt1149362|59117
tt1152836|248333
tt1155056|177747
tt1156398|428361
tt1164999|76112
tt1170358|535555
tt1172049|68544
tt1172233|58960
tt1172570|101272
tt1174732|118719
tt1178663|64337
tt1179034|103391
tt1179933|228181
tt1182345|290648
tt1187043|262732
tt1187064|80069
tt1188729|131111
tt1188996|83682
tt1189073|115334
tt1189340|187530
tt1192628|202784
tt1193138|287465
tt1194173|254746
tt1196946|143730
tt1197624|237152
tt1199099|61477
tt1201607|629621
tt1204342|79539
tt1204975|116209
tt1205489|625435
tt1206543|93226
tt1210166|308008
tt1210819|198598
tt1211837|388866
tt1211956|196780
tt1212419|84386
tt1212450|203253
tt1213663|213967
tt1216487|80362
tt1216492|79701
tt1217209|310602
tt1219024|127229
tt1219289|464174
tt1219342|70797
tt1220617|65628
tt1220719|187605
tt1226273|81109
tt1226753|58835
tt1228705|588178
tt1228987|100990
tt1229238|395324
tt1229822|70560
tt1230414|75881
tt1231583|290950
tt1232829|451103
tt1235099|97843
tt1235166|84525
tt1242460|112207
tt1245112|60483
tt1245492|341494
tt1245526|258747
tt1250777|473749
tt1255953|104562
tt1258197|86393
tt1259521|312476
tt1263670|74842
tt1266020|151674
tt1270798|572347
tt1272878|172159
tt1276104|472454
tt1277953|133908
tt1282140|308983
tt1285016|534594
tt1288558|138630
tt1289406|78240
tt1291584|374754
tt1298650|419159
tt1300854|621890
tt1302011|208730
tt1305806|155104
tt1306980|289771
tt1307068|96816
tt1315981|94620
tt1318514|450507
tt1320253|293469
tt1321870|187463
tt1322269|75072
tt1323594|432180
tt1327194|87644
tt1327773|96665
tt1327801|121998
tt1334260|122668
tt1340138|218488
tt1340800|164694
tt1341167|62549
tt1343092|404947
tt1343727|222758
tt1345836|1285730
tt1355630|98643
tt1355642|70425
tt1355644|264044
tt1355683|145418
tt1358522|104161
tt1371111|311055
tt1371150|61327
tt1375666|1678493
tt1385826|216313
tt1386588|208329
tt1386932|80784
tt1389137|120913
tt1390411|98764
tt1392170|761048
tt1392190|693373
tt1392214|470789
tt1396484|249434
tt1398426|152761
tt1399683|120515
tt1401152|225349
tt1403865|265256
tt1403981|123498
tt1405406|245801
tt1408101|430068
tt1409024|288486
tt1411697|409480
tt1412386|81421
tt1430132|373335
tt1431045|702789
tt1433108|86744
tt1433811|67246
tt1436562|180428
tt1439629|162391
tt1440292|75152
tt1442437|285708
tt1442449|192602
tt1446192|136568
tt1446714|512971
tt1448755|112942
tt1450321|86978
tt1453405|267213
tt1454029|361443
tt1454468|656179
tt1456635|77101
tt1457767|353882
tt1458175|158478
tt1462059|79587
tt1462758|130835
tt1465522|144196
tt1474684|87976
tt1475582|628962
tt1478338|236828
tt1478964|89334
tt1483013|427554
tt1485796|71061
tt1486217|111687
tt1486834|59879
tt1489428|71678
tt1490017|281443
tt1491044|61721
tt1492966|67294
tt1499658|380977
tt1504320|557321
tt1512235|66981
tt1515091|372672
tt1520211|730820
tt1524137|107435
tt1527186|143391
tt1528071|65233
tt1532503|80432
tt1535108|374520
tt1535109|363656
tt1540133|71239
tt1542344|306121
tt1547234|101699
tt1548850|81662
tt1549572|81029
tt1553656|91966
tt1555149|71841
tt1560747|119951
tt1563738|119385
tt1567432|106705
tt1567609|94038
tt1568338|132685
tt1568346|364611
tt1568911|128246
tt1568921|61717
tt1570728|413220
tt1571222|88678
tt1578873|133692
tt1586680|144801
tt1587310|282814
tt1588170|84675
tt1588173|199898
tt1591095|233514
tt1591479|61450
tt1596343|312811
tt1596363|275200
tt1598778|192659
tt1599348|180846
tt1600196|123277
tt1601913|218526
tt1602620|79330
tt1605630|183722
tt1605717|65062
tt1605783|335951
tt1606375|130186
tt1606389|163399
tt1614989|87310
tt1615065|110758
tt1615147|101382
tt1616195|110957
tt1623288|81485
tt1628033|93660
tt1631867|502322
tt1632701|293906
tt1632708|298981
tt1636826|169687
tt1637688|330552
tt1637725|512400
tt1637727|80574
tt1638002|89608
tt1638355|220529
tt1641349|74236
tt1645089|62307
tt1646971|249765
tt1649419|164840
tt1650062|308010
tt1650554|224533
tt1655420|76535
tt1655441|124345
tt1655442|206999
tt1656190|91538
tt1659337|396797
tt1661199|126964
tt1663202|547955
tt1663662|416050
tt1666801|63315
tt1667889|162266
tt1670345|518088
tt1674771|67822
tt1675192|77998
tt1675434|603174
tt1682180|92751
tt1683526|64700
tt1690953|321467
tt1692486|105678
tt1695360|76973
tt1702439|89633
tt1706593|219932
tt1706620|215176
tt1707386|268562
tt1714206|123141
tt1714915|73599
tt1716772|69319
tt1723121|349802
tt1723811|162220
tt1726669|64421
tt1727388|126432
tt1731141|201361
tt1740707|60103
tt1748122|269080
tt1758429|105856
tt1764651|265658
tt1772341|305955
tt1781769|79277
tt1781922|63815
tt1790809|183658
tt1790864|358704
tt1790885|236240
tt1791528|75075
tt1796960|261129
tt1798684|183443
tt1798709|420908
tt1800241|394705
tt1809398|121409
tt1817273|211735
tt1821549|100057
tt1821694|139596
tt1823672|200572
tt1825683|136685
tt1826940|157964
tt1830617|95567
tt1831164|78813
tt1832382|175861
tt1837492|154378
tt1837576|59501
tt1837642|103910
tt1839492|86968
tt1839578|143719
tt1840309|378244
tt1840417|66451
tt1843230|189135
tt1843866|580642
tt1844624|226223
tt1845307|80098
tt1853728|1105438
tt1853739|72972
tt1855199|201030
tt1856010|393379
tt1856101|250038
tt1860353|69268
tt1860357|115377
tt1862079|108002
tt1870479|89957
tt1872181|360624
tt1872194|153612
tt1877832|578424
tt1878870|68059
tt1895587|310015
tt1899353|164151
tt1905041|330626
tt1907668|286186
tt1911644|98017
tt1911658|67967
tt1912398|63963
tt1922777|182750
tt1924396|85661
tt1924429|100793
tt1924435|116586
tt1931533|207721
tt1935179|148829
tt1935859|124987
tt1937390|97219
tt1951264|546559
tt1951265|351715
tt1951266|224023
tt1959563|116985
tt1964418|151495
tt1972571|63986
tt1972591|139186
tt1979320|361350
tt1979388|84004
tt1980929|120047
tt1981115|475160
tt1981677|239141
tt2005151|133018
tt2015381|818798
tt2017038|66089
tt2017109|69377
tt2024469|221382
tt2024544|523620
tt2042568|113172
tt2051879|59525
tt2053463|160602
tt2057392|65321
tt2070791|76035
tt2071645|78372
tt2080374|127453
tt2082197|63337
tt2084970|566815
tt2085059|205932
tt2094262|66966
tt2096673|464529
tt2101341|58847
tt2103281|367305
tt2106476|210955
tt2119532|301010
tt2125435|74880
tt2140373|130941
tt2140379|73317
tt2140479|205729
tt2149175|59983
tt2170593|84449
tt2178784|64215
tt2179116|68791
tt2179136|373466
tt2188671|76045
tt2191671|85436
tt2193021|351218
tt2194499|236676
tt2199571|87667
tt2205697|74572
tt2209418|112214
tt2224026|81199
tt2226417|128182
tt2229499|206986
tt2234222|85843
tt2239822|102675
tt2241351|76506
tt2243973|186401
tt2245084|331512
tt2249007|59668
tt2249364|60680
tt2250912|284333
tt2265171|96361
tt2267968|100373
tt2267998|686650
tt2277860|185728
tt2278388|572579
tt2278871|111717
tt2283362|75833
tt2294449|297109
tt2294629|477611
tt2301451|92912
tt2301455|63403
tt2302755|223328
tt2305051|102195
tt2306299|282154
tt2310332|407991
tt2312718|92755
tt2316204|187346
tt2316411|125140
tt2321549|149019
tt2334649|62520
tt2334873|168605
tt2338151|117693
tt2356777|390297
tt2357547|145371
tt2358891|65961
tt2361509|173951
tt2364582|166872
tt2369135|148049
tt2370248|66578
tt2372162|230683
tt2375692|73591
tt2379713|328418
tt2380307|108656
tt2381111|104588
tt2381249|273415
tt2381941|177818
tt2382009|71081
tt2388715|98572
tt2395427|561744
tt2395695|81754
tt2397535|205302
tt2401256|83404
tt2402927|87420
tt2404435|148863
tt2404463|145240
tt2406566|108084
tt2431286|84483
tt2431438|104508
tt2442560|121632
tt2446980|107331
tt2467372|94031
tt2488496|727976
tt2503944|85477
tt2510894|77133
tt2527336|318185
tt2543164|433503
tt2554274|108475
tt2560140|91738
tt2562232|472227
tt2575988|87361
tt2582496|101773
tt2582782|147241
tt2582802|532223
tt2582846|289425
tt2628232|92778
tt2631186|84577
tt2632424|92107
tt2649554|61828
tt2654620|67513
tt2660888|189512
tt2661044|145439
tt2671706|71732
tt2674426|139941
tt2692904|108708
tt2707408|238483
tt2709768|141603
tt2713180|352353
tt2719848|167147
tt2726560|63667
tt2741602|136993
tt2763304|77244
tt2771200|199084
tt2788710|272126
tt2802144|497264
tt2802850|234677
tt2820852|316721
tt2861424|198208
tt2866360|76540
tt2872718|362087
tt2883512|161026
tt2884206|94825
tt2911666|374865
tt2948356|335491
tt2975578|113279
tt2975590|522571
tt2980516|322228
tt2980592|75903
tt2980648|63391
tt3006802|75130
tt3007512|62767
tt3011894|126763
tt3032476|210014
tt3040964|219925
tt3063516|82719
tt3065204|161956
tt3072482|68244
tt3076658|191316
tt3079380|199567
tt3107288|242702
tt3110958|184310
tt3170832|261931
tt3183660|293554
tt3203606|63385
tt3205802|87739
tt3235888|156999
tt3263904|172357
tt3315342|453570
tt3316960|106373
tt3322310|77518
tt3322312|283763
tt3322314|82647
tt3322364|69552
tt3385516|311173
tt3397884|276616
tt3402236|98875
tt3416742|101623
tt3450958|157828
tt3460252|381284
tt3464902|145991
tt3470600|93952
tt3475734|60027
tt3488710|100955
tt3498820|473261
tt3501632|249804
tt3521164|180134
tt3531824|87860
tt3532216|86127
tt3544112|64639
tt3553976|133753
tt3569230|122164
tt3631112|128457
tt3640424|106467
tt3647998|80956
tt3659388|605746
tt3682448|239186
tt3731562|195114
tt3741834|153021
tt3743822|86743
tt3748528|410677
tt3749900|171308
tt3774114|101123
tt3783958|352017
tt3799694|208022
tt3850214|71833
tt3866850|67795
tt3890160|270566
tt3896198|344409
tt3920596|70642
tt4016454|79229
tt4034228|180443
tt4034354|76965
tt4052886|101024
tt4062536|74667
tt4116284|94927
tt4158110|249925
tt4160708|153557
tt4172430|89207
tt4178092|108304
tt4196776|171504
tt4263482|120826
tt4276820|76401
tt4283088|152933
tt4283094|105152
tt4302938|89538
tt4425200|216685
tt4481414|60706
tt4508902|58836
tt4532368|66084
tt4550098|171068
tt4572514|61147
tt4574334|457604
tt4630562|154142
tt4649466|159740
tt4682786|66010
tt4698684|70185
tt4846340|142037
tt4925292|65758
tt4972582|251935
tt4975722|183695
tt5013056|352848
tt5022702|59363
tt5027774|134684
tt5052448|261461
tt5074352|85384
tt5109784|103179
tt5140878|64907
tt5189670|61807
tt5290382|75137
tt5311514|79576
tt5362988|102399
tt5439796|69351
tt5442430|149768
tt5462602|74229
tt5580390|93526
tt5675620|86219
tt5700672|83410
tt5726616|62130
tt5775846|60776
tt5813916|94580
